{"Fid":"f1VtdV1_QHeQAjLUIIclFK","Status":3,"AuthToken":"eyJhbGciOiJFUzI1NiIsInR5cCI6IkpXVCJ9.eyJhcHBJZCI6IjE6MzU0ODAwNjQ1MzI5OmFuZHJvaWQ6NGM2NjY0NGY4NDc1MTUwYiIsImV4cCI6MTcxNjcyODg0OCwiZmlkIjoiZjFWdGRWMV9RSGVRQWpMVUlJY2xGSyIsInByb2plY3ROdW1iZXIiOjM1NDgwMDY0NTMyOX0.AB2LPV8wRAIgFEq9bTta7eMKvyExTnEHcnsXvBwrlFGIgcVakdZAzWECIG_kCjkuYgezT5HT2MpCMuutzqyE9s5jFe8zk_ZWtTtD","RefreshToken":"3_AS3qfwI92OnxWD57UYjebyseFc86PUqHDpIaWOCFGoHZFKNJhTEFwiHXZq_lKZXINEX82g0UV_jo0Zsc2Z8rxJ5hP3pMBQSoOkooP-WHHVza3Jg","TokenCreationEpochInSecs":1716124048,"ExpiresInSecs":604800}