<?xml version='1.0' encoding='utf-8' standalone='yes' ?>
<map>
    <string name="config-aaxHostname">aax.amazon-adsystem.com</string>
    <long name="amzn-ad-iu-last-checkin-using-sessionid" value="0" />
    <string name="config-sisDomain">amazon.com</string>
    <long name="amzn-ad-sis-last-checkin" value="1716124055823" />
    <long name="amzn-ad-iu-last-attempt-using-sessionid" value="0" />
    <boolean name="config-truncateLatLon" value="false" />
    <long name="amzn-ad-iu-last-attempt" value="1716124054253" />
    <long name="config-lastFetchTime" value="1716124054131" />
    <int name="config-viewableJSVersionConfig" value="5" />
    <boolean name="config-sendGeo" value="false" />
    <string name="config-madsHostname">mads.amazon.com</string>
    <string name="amzn-ad-id">Ax4vERKhT0eWrAMWeYc_bMc</string>
    <string name="gpsAdId">9232816a-95eb-4de4-9778-5806e1e63fa0</string>
    <long name="config-identifyUserSessionIdInterval" value="28800000" />
    <long name="config-ttl" value="86400000" />
    <int name="configVersion" value="4" />
    <boolean name="config-whitelistedCustomer" value="false" />
    <long name="config-identifyUserInterval" value="86400000" />
    <string name="config-sisURL">s.amazon-adsystem.com</string>
    <string name="config-adPrefURL">https://s.amazon-adsystem.com/gp/aw/aap/app</string>
    <long name="config-viewableInterval" value="200" />
    <string name="config-adResourcePath">/e/msdk/ads</string>
    <string name="config-viewableJavascriptCDNURL">https://dwxjayoxbnyrr.cloudfront.net/amazon-ads-v2.viewablejs</string>
    <long name="amzn-ad-iu-last-checkin" value="1716124056012" />
    <boolean name="sis_registration_status" value="true" />
    <long name="config-identifyUserRetryInterval" value="3600000" />
    <string name="amzn-ad-id-origin">9232816a-95eb-4de4-9778-5806e1e63fa0</string>
    <string name="IUParameters">{&quot;dt&quot;:&quot;android&quot;,&quot;app&quot;:&quot;video&quot;,&quot;aud&quot;:&quot;amazon.com&quot;,&quot;appId&quot;:&quot;c504086fff79453e8aa000708d5a25ce&quot;,&quot;sdkVer&quot;:&quot;amznAdSDK-android-7.1.3&quot;,&quot;oo&quot;:&quot;false&quot;,&quot;idfa&quot;:&quot;9232816a-95eb-4de4-9778-5806e1e63fa0&quot;,&quot;dinfo&quot;:&quot;{\&quot;make\&quot;:\&quot;Xiaomi\&quot;,\&quot;model\&quot;:\&quot;M2007J3SY\&quot;,\&quot;os\&quot;:\&quot;Android\&quot;,\&quot;osVersion\&quot;:\&quot;12\&quot;,\&quot;scalingFactor\&quot;:\&quot;2.75\&quot;,\&quot;language\&quot;:\&quot;en\&quot;,\&quot;country\&quot;:\&quot;US\&quot;,\&quot;networkCountry\&quot;:\&quot;MY\&quot;,\&quot;carrier\&quot;:\&quot;MY MAXIS\&quot;}&quot;,&quot;pkg&quot;:&quot;{\&quot;pn\&quot;:\&quot;com.amazon.avod.thirdpartyclienv\&quot;,\&quot;lbl\&quot;:\&quot;Prime Video By 💖 Hacked Mods Apk 𝙍𝙆 𝙏𝙀𝘾𝙃💖\&quot;,\&quot;vn\&quot;:\&quot;3.0.361.4045\&quot;,\&quot;v\&quot;:\&quot;340020045\&quot;}&quot;,&quot;idModule&quot;:true}</string>
    <boolean name="newSISDIDRequested" value="false" />
</map>
