<?xml version='1.0' encoding='utf-8' standalone='yes' ?>
<map>
    <boolean name="PN_registered_successfully_with_MPRS" value="true" />
    <string name="PN_registration_id">f1VtdV1_QHeQAjLUIIclFK:APA91bH2W8_-4VAr8MPvhbs8HRhzawU1CpGHovBU8mqz11iB4bOeDLszHyqCc4Kf8y26umXTORCgOnh0rAz1Sb7gkYaLboMcK7nqhT3p_Ct_wPSaStI3Khsc5nJFWsO-wwsXNCqOQa7C</string>
    <int name="PN_sequence_number_int" value="3" />
    <boolean name="isHdrSupported_Cache" value="false" />
    <boolean name="isUhdSupported_Cache" value="false" />
    <string name="mostRecentlySeenVcrPivot">IN:HOME</string>
    <boolean name="isReferrerValueSet" value="true" />
    <string name="PN_OS_version">12</string>
    <string name="PN_application_install_id">EU:amazonaiv:b387d239-9287-4720-aa68-36ef7706823b</string>
    <string name="playbackSupportInfo_Cache">SUPPORTED_HARDWARE</string>
    <boolean name="isDolyDigitalPlusSupported_Cache" value="false" />
    <string name="deviceVideoCodecOverride_Cache">H264</string>
    <boolean name="isHevcSupported_Cache" value="false" />
    <boolean name="isPlaybackSupportCached" value="true" />
    <string name="deviceBitrateAdaptationsOverride_Cache">CBR;CVBR</string>
    <string name="playStoreInstallReferrer">utm_source=google-play&amp;utm_medium=organic</string>
    <boolean name="isHdSupported_Cache" value="true" />
    <string name="PN_app_version">3.0.361.4045</string>
</map>
