<?xml version='1.0' encoding='utf-8' standalone='yes' ?>
<map>
    <string name="latencyPredictor_bufferFullnessSecondsToConfidenceFactorGraph">[[0,0.01],[10,0.05],[20,0.2],[40,0.05]]</string>
    <string name="audioSelection_bufferFullnessSecondsToAudioTransferSpeedFactor">[[5,0.05],[10,0.1]]</string>
    <string name="caching_timeToLiveMillis">7200000</string>
    <string name="timeToDownloadPredictor_bitrateVariationFactor">1</string>
    <string name="audioSelection_audioTransferSpeedVariationFactorToTransferSpeedSharePair">[[0,0.1],[1.5,0.2]]</string>
    <string name="bandwidthPredictor_minBandwidthHeadroomFactor">0.1</string>
    <string name="scheduler_maxFutureDownloadFragments">3</string>
    <string name="timeToDownloadPredictor_bufferFullnessSecondsToBandwidthThrottleFactorGraph">[[15,0.16],[25,0.2],[35,0.25],[50,0.32],[70,0.5],[88,0.75],[100,0.9],[110,1]]</string>
    <string name="timeToDownloadPredictor_bufferFullnessSecondsToRetryBandwidthThrottleFactorGraph">[[10,0.78],[18,0.74],[32,0.59],[62,0.39],[92,0.14],[122,0.1]]</string>
    <string name="metadata_heuristicProfileId">default</string>
    <string name="metadata_treatmentName">android-default</string>
    <string name="bandwidthPredictor_averageRequestWindow">6</string>
    <string name="audioSelection_audioAdaptationSetSelectionMode">LEGACY</string>
    <string name="scheduler_confidenceLevelsToCompute">8</string>
    <string name="bandwidthPredictor_maxBandwidthHeadroomFactor">0.5</string>
    <string name="timeToDownloadPredictor_maxBitrateVariationPenaltyFactor">0</string>
    <string name="filters_bufferFullnessSecondsToBitrateUpshiftLimitFactorGraph">[[10,0],[10.1,0.7],[45,0.7],[45.1,2],[60,2],[60.1,4],[90,4],[120,1000]]</string>
    <string name="bandwidthPredictor_stdDevFragmentWindow">5</string>
    <string name="bandwidthPredictor_averageFragmentWindow">3</string>
    <string name="latencyPredictor_averageFragmentWindow">3</string>
    <string name="scheduler_maxConcurrentRequests">2</string>
    <string name="filters_minBaselineUpgradeDifferenceQualityLevels">2</string>
    <string name="auxiliaryDownload_minBufferFullnessToMaintainAuxiliaryDownloadSeconds">-1</string>
    <string name="auxiliaryDownload_maxAuxiliaryRequestsCancellation">3</string>
    <string name="metadata_policyId">0400</string>
    <long name="storedTime" value="1716124052736" />
    <string name="bandwidthPredictor_minStartingBandwidthKbps">2000</string>
    <string name="latencyPredictor_averageRequestWindow">6</string>
    <string name="metadata_megaClusterLabel">goodNetworkConditions</string>
    <string name="timeToDownloadPredictor_bufferFullnessSecondsToLiveBandwidthThrottleFactorGraph">[[10,0.5],[20,1]]</string>
    <string name="latencyPredictor_stdDevFragmentWindow">5</string>
    <string name="metadata_clusterLabel">6-v0</string>
    <string name="latencyPredictor_stdDevRequestWindow">10</string>
    <string name="scheduler_upgradeOffsetFragments">2</string>
    <string name="bandwidthPredictor_bandwidthHeadroomStepFactor">0.01</string>
    <string name="callback_url">https://atv-ext-eu.amazon.com/cdp/playback/RefreshPlaybackSettings?refreshToken=android-default--6-v0--GDS--0400</string>
    <string name="metadata_apiCallType">GDS</string>
    <string name="auxiliaryDownload_minBandwidthToStartAuxiliaryDownloadKbps">0</string>
    <string name="bandwidthPredictor_bandwidthBaselineFactor">0.1</string>
    <string name="callback_delayMillis">7200000</string>
    <string name="retention_fragmentsToRetain">10</string>
    <string name="settingsId">android-default--6-v0--GDS--0400_mtS0eLVoS926df4QXAAj415FbiUJqIGWHnQxlBD4E5c=</string>
    <string name="bandwidthPredictor_stdDevRequestWindow">10</string>
    <string name="filters_bufferFullnessSecondsToBitrateDownshiftLimitFactorGraph">[[6,0],[18,-0.1],[32,-0.2],[46,-0.3],[62,-0.32],[92,-0.33],[122,-0.4],[182,-1]]</string>
    <string name="auxiliaryDownload_minBandwidthToMaintainAuxiliaryDownloadKbps">0</string>
    <string name="scheduler_bufferFullnessSecondsToTimeoutFactorGraph">[[30,2.5],[40,2.8],[60,3],[90,3.8]]</string>
    <string name="metadata_clusterModelVersion">v0</string>
    <string name="scheduler_upgradeEmptyBufferSkipCountFragments">4</string>
    <string name="bandwidthPredictor_maxStartingBandwidthKbps">20000</string>
    <string name="timeToDownloadPredictor_minBitrateVariationPenaltyFactor">-0.2</string>
    <string name="bandwidthPredictor_bufferFullnessSecondsToConfidenceFactorGraph">[[0,0.01],[10,0.05],[20,0.2],[40,0.05]]</string>
    <string name="auxiliaryDownload_minBufferFullnessToStartAuxiliaryDownloadSeconds">7</string>
    <string name="retention_requestsPerFragmentToRetain">4</string>
    <string name="scheduler_minConfidenceLevelSum">11</string>
    <string name="timeToDownloadPredictor_bitrateVariationWindow">6</string>
    <string name="auxiliaryDownload_maxAuxiliaryConcurrentRequests">999</string>
</map>
